{
    "dice": {
        "classwise_avg": [
            0.6193049550056458,
            0.8555280566215515,
            0.8712636828422546
        ],
        "avg": 0.7820322314898173,
        "stdev": [
            0.3597063422203064,
            0.03549719229340553,
            0.0647946298122406
        ]
    },
    "hd95": {
        "classwise_avg": [
            7.899332046508789,
            15.836268424987793,
            10.990829467773438
        ],
        "avg": 11.57547664642334,
        "stdev": [
            6.875877380371094,
            18.532543182373047,
            19.66650390625
        ]
    },
    "iou": {
        "classwise_avg": [
            0.5200427174568176,
            0.748923122882843,
            0.7767882347106934
        ],
        "avg": 0.6819180250167847,
        "stdev": [
            0.3328370153903961,
            0.05389019474387169,
            0.10250536352396011
        ]
    },
    "inference_time": {
        "avg": 1.5559123754501343,
        "stdev": 0.800265646324117
    }
}