{
    "dice": {
        "classwise_avg": [
            0.5427824854850769,
            0.8303888440132141,
            0.8370776176452637
        ],
        "avg": 0.7367496490478516,
        "stdev": [
            0.3493155241012573,
            0.047097060829401016,
            0.07587242871522903
        ]
    },
    "hd95": {
        "classwise_avg": [
            8.535473823547363,
            12.762299537658691,
            11.50896167755127
        ],
        "avg": 10.935578346252441,
        "stdev": [
            7.73484992980957,
            13.604341506958008,
            9.633379936218262
        ]
    },
    "iou": {
        "classwise_avg": [
            0.4335515797138214,
            0.7122527956962585,
            0.7260662913322449
        ],
        "avg": 0.6239568889141083,
        "stdev": [
            0.30898168683052063,
            0.06806296110153198,
            0.1153583973646164
        ]
    }
}