{
    "dice": {
        "classwise_avg": [
            0.4974572956562042,
            0.8177406191825867,
            0.8310715556144714
        ],
        "avg": 0.7154231568177541,
        "stdev": [
            0.3603174388408661,
            0.06928069144487381,
            0.103232242166996
        ]
    },
    "hd95": {
        "classwise_avg": [
            10.5361909866333,
            7.792064189910889,
            13.137001037597656
        ],
        "avg": 10.488418738047281,
        "stdev": [
            7.390356063842773,
            2.570939302444458,
            18.92069435119629
        ]
    },
    "iou": {
        "classwise_avg": [
            0.3953540027141571,
            0.696354866027832,
            0.7220119833946228
        ],
        "avg": 0.6045736173788706,
        "stdev": [
            0.3237367868423462,
            0.09588177502155304,
            0.15060679614543915
        ]
    },
    "inference_time": {
        "avg": 2.6890666484832764,
        "stdev": 0.31665495140873573
    }
}