{
    "dice": {
        "classwise_avg": [
            0.5019412040710449,
            0.816768229007721,
            0.8315441608428955
        ],
        "avg": 0.7167511979738871,
        "stdev": [
            0.37830981612205505,
            0.06871042400598526,
            0.10688307881355286
        ]
    },
    "hd95": {
        "classwise_avg": [
            10.288105964660645,
            10.249663352966309,
            13.097740173339844
        ],
        "avg": 11.211836496988932,
        "stdev": [
            7.976422309875488,
            6.506402969360352,
            18.896728515625
        ]
    },
    "iou": {
        "classwise_avg": [
            0.4075043201446533,
            0.6948807835578918,
            0.7233783602714539
        ],
        "avg": 0.6085878213246664,
        "stdev": [
            0.3461596369743347,
            0.09502163529396057,
            0.1543019562959671
        ]
    },
    "inference_time": {
        "avg": 2.709203084309896,
        "stdev": 0.3277386666455743
    }
}